tid,shear,cizallado
TR-01_1-001,0.11899999994784594,False
TR-01_1-003,0.041000000201165676,False
TR-01_1-004,0.10099999979138374,False
TR-01_1-005,0.14800000004470348,False
TR-01_1-006,0.1439999993890524,False
TR-01_1-007,0.015999999828636646,False
TR-01_1-008,0.13500000070780516,False
TR-01_1-009,0.13599999994039536,False
TR-01_1-010,6.166000000201166,True
TR-01_1-011,0.0939999995753169,False
TR-01_1-012,0.16700000036507845,False
TR-01_1-013,0.17900000046938658,False
TR-01_1-014,0.07299999985843897,False
TR-01_1-015,0.010999999940395355,False
TR-01_1-016,0.0139999995008111,False
TR-01_1-017,0.13799999933689833,False
TR-01_1-018,0.18200000002980232,False
TR-01_1-019,0.018000000156462193,False
TR-01_1-020,6.243000000715256,True
TR-01_1-021,0.018000000156462193,False
TR-01_1-022,0.009000000543892384,False
TR-01_1-023,0.07400000002235174,False
TR-01_1-024,0.014999999664723873,False
TR-01_1-025,0.04399999976158142,False
TR-01_1-026,0.10900000017136335,False
TR-01_1-027,0.16199999954551458,False
TR-01_1-028,0.10699999984353781,False
TR-01_1-029,29.661000000312924,True
TR-01_1-030,0.11800000071525574,False
TR-01_1-031,0.28399999998509884,False
TR-01_1-032,0.2050000000745058,False
TR-01_1-033,0.018000000156462193,False
TR-01_1-034,0.0020000003278255463,False
TR-01_1-035,0.10000000055879354,False
TR-01_1-036,0.0030000004917383194,False
TR-01_1-037,0.2719999998807907,False
TR-01_1-038,0.17900000046938658,False
TR-01_1-039,0.03800000064074993,False
TR-01_1-040,0.0030000004917383194,False
TR-01_1-041,0.04600000008940697,False
TR-01_1-042,0.1600000001490116,False
TR-01_1-043,6.203999999910593,True
TR-01_1-044,0.05999999959021807,False
TR-01_1-045,0.049999999813735485,False
TR-01_1-046,0.02599999960511923,False
TR-01_1-047,0.027999999932944775,False
TR-01_1-048,0.0019999993965029716,False
TR-01_1-049,0.11899999994784594,False
TR-01_1-050,0.20800000056624413,False
TR-01_1-051,0.12699999939650297,False
TR-01_1-052,29.625,True
TR-01_1-053,0.14800000004470348,False
TR-01_1-054,0.05400000046938658,False
TR-01_1-055,0.04399999976158142,False
TR-01_1-056,0.12299999967217445,False
TR-01_1-057,0.2019999995827675,False
TR-01_1-058,0.6419999999925494,False
TR-01_1-059,0.18999999947845936,False
TR-01_1-060,0.3620000006631017,False
TR-01_1-061,0.17100000008940697,False
TR-01_1-062,0.2280000001192093,False
TR-01_1-063,0.09499999973922968,False
TR-01_1-064,0.04600000008940697,False
TR-01_1-065,0.08799999952316284,False
TR-01_1-066,0.30299999937415123,False
TR-01_1-067,0.00800000037997961,False
TR-01_1-068,0.1430000001564622,False
TR-01_1-070,0.07599999941885471,False
TR-01_1-071,0.1699999999254942,False
TR-01_1-072,0.15500000026077032,False
TR-01_1-073,0.07000000029802322,False
TR-01_1-074,0.10699999984353781,False
TR-01_1-075,0.04799999948590994,False
TR-01_1-076,0.09599999990314245,False
TR-01_1-077,0.054999999701976776,False
TR-01_1-078,0.027999999932944775,False
TR-01_1-079,0.053000000305473804,False
TR-01_1-080,0.08100000023841858,False
TR-01_1-081,0.12899999972432852,False
TR-01_1-083,0.151999999769032,False
TR-01_1-084,0.071000000461936,False
TR-01_1-085,0.08500000089406967,False
TR-01_1-086,0.11800000071525574,False
TR-01_1-087,0.05700000002980232,False
TR-01_1-088,0.19799999985843897,False
TR-01_1-089,0.10099999979138374,False
TR-01_1-090,0.08600000012665987,False
TR-01_1-091,0.04700000025331974,False
TR-01_1-092,0.1730000004172325,False
TR-01_1-093,0.19200000073760748,False
TR-01_1-094,0.18400000035762787,False
TR-01_1-095,0.13499999977648258,False
TR-01_1-097,0.14599999971687794,False
TR-01_1-098,0.004999999888241291,False
TR-01_1-099,0.018000000156462193,False
TR-01_1-100,0.06599999964237213,False
TR-01_1-101,0.007000000216066837,False
TR-01_1-102,0.026999999769032,False
TR-01_1-103,0.01899999938905239,False
TR-01_1-104,0.06300000008195639,False
TR-01_1-105,0.19000000040978193,False
TR-01_1-106,0.16199999954551458,False
TR-01_1-107,0.11499999929219484,False
TR-01_1-108,0.009999999776482582,False
TR-01_1-109,0.04700000025331974,False
TR-01_1-111,0.009999999776482582,False
TR-01_1-112,0.02599999960511923,False
TR-01_1-113,0.04899999964982271,False
TR-01_1-114,0.05200000014156103,False
TR-01_1-115,0.015999999828636646,False
TR-01_1-116,0.06099999975413084,False
TR-01_1-117,0.05900000035762787,False
TR-01_1-118,0.006000000052154064,False
TR-01_1-119,0.04200000036507845,False
TR-02_1-001,0.20699999947100878,False
TR-02_1-002,36.59300000034273,True
TR-02_1-003,0.13200000021606684,False
TR-02_1-004,0.14299999922513962,False
TR-02_1-005,0.24899999983608723,False
TR-02_1-006,0.12399999983608723,False
TR-02_1-007,0.14099999982863665,False
TR-02_1-008,0.14099999982863665,False
TR-02_1-009,0.14199999999254942,False
TR-02_1-010,0.12099999934434891,False
TR-02_1-012,0.1600000001490116,False
TR-02_1-013,0.14400000032037497,False
TR-02_1-014,0.009999999776482582,False
TR-02_1-015,0.13600000087171793,False
TR-02_1-016,0.18200000002980232,False
TR-02_1-017,0.13200000021606684,False
TR-02_1-018,0.13100000005215406,False
TR-02_1-019,0.14800000004470348,False
TR-02_1-020,0.1380000002682209,False
TR-02_1-021,0.17699999921023846,False
TR-02_1-022,0.14500000048428774,False
TR-02_1-023,0.0800000000745058,False
TR-02_1-024,0.15500000026077032,False
TR-02_1-025,0.08800000045448542,False
TR-02_1-026,0.04200000036507845,False
TR-02_1-027,0.21799999941140413,False
TR-02_1-028,0.2369999997317791,False
TR-02_1-029,0.06799999997019768,False
TR-02_1-030,0.1699999999254942,False
TR-02_1-031,0.13600000087171793,False
TR-02_1-032,0.23099999967962503,False
TR-02_1-033,0.19300000090152025,False
TR-02_1-035,0.0019999993965029716,False
TR-02_1-036,0.1739999996498227,False
TR-02_1-037,0.13700000010430813,False
TR-02_1-038,0.17299999948590994,False
TR-02_1-039,0.15500000026077032,False
TR-02_1-040,0.13200000021606684,False
TR-02_1-041,0.13400000054389238,False
TR-02_1-042,0.15000000037252903,False
TR-02_1-043,0.13400000054389238,False
TR-02_1-044,0.027999999932944775,False
TR-02_1-045,0.041000000201165676,False
TR-02_1-046,0.1330000003799796,False
TR-02_1-047,0.3070000000298023,False
TR-02_1-048,0.15500000026077032,False
TR-02_1-049,0.16200000047683716,False
TR-02_1-050,0.21100000012665987,False
TR-02_1-051,0.12300000060349703,False
TR-02_1-052,0.16100000031292439,False
TR-02_1-053,0.1299999998882413,False
TR-02_1-055,0.14999999944120646,False
TR-02_1-056,0.13900000043213367,False
TR-02_1-057,0.1910000005736947,False
TR-02_1-058,0.2360000004991889,False
TR-02_1-059,35.644999999552965,True
TR-02_1-060,0.17799999937415123,False
TR-02_1-061,0.10300000011920929,False
TR-02_1-062,0.11400000005960464,False
TR-02_1-063,0.19500000029802322,False
TR-02_1-064,0.15399999916553497,False
TR-02_1-065,0.20699999947100878,False
TR-02_1-066,0.13100000005215406,False
TR-02_1-067,0.09999999962747097,False
TR-02_1-068,0.17599999997764826,False
TR-02_1-069,0.1880000000819564,False
TR-02_1-070,0.05599999986588955,False
TR-02_1-071,0.20800000056624413,False
TR-02_1-072,0.09100000001490116,False
TR-02_1-073,0.2099999999627471,False
TR-02_1-074,0.1650000000372529,False
TR-02_1-075,0.17599999997764826,False
TR-02_1-077,0.03799999970942736,False
TR-02_1-078,0.01899999938905239,False
TR-02_1-080,0.0939999995753169,False
TR-02_1-081,0.16499999910593033,False
TR-02_1-082,0.06300000008195639,False
TR-02_1-083,0.024000000208616257,False
TR-02_1-084,0.0939999995753169,False
TR-02_1-085,0.0939999995753169,False
TR-02_1-086,0.11299999989569187,False
TR-02_1-087,0.16800000052899122,False
TR-02_1-088,0.11200000066310167,False
TR-02_1-089,0.14800000004470348,False
TR-02_1-090,0.05000000074505806,False
TR-02_1-092,0.14099999982863665,False
TR-02_1-093,0.23700000066310167,False
TR-02_1-094,0.22900000028312206,False
TR-02_1-095,0.1919999998062849,False
TR-02_1-096,0.2730000000447035,False
TR-02_1-097,0.22400000039488077,False
TR-02_1-098,0.20800000056624413,False
TR-02_1-099,0.2900000000372529,False
TR-02_1-100,0.22599999979138374,False
TR-02_1-101,0.14500000048428774,False
TR-02_1-102,0.0939999995753169,False
TR-02_1-103,0.17599999997764826,False
TR-02_1-104,0.23900000005960464,False
TR-02_1-105,0.11600000038743019,False
TR-02_1-107,0.23799999989569187,False
TR-02_1-108,0.1569999996572733,False
TR-02_1-109,0.10199999995529652,False
TR-02_1-110,0.071000000461936,False
TR-02_1-111,0.19900000002235174,False
TR-02_1-112,0.1600000001490116,False
TR-02_1-113,0.14499999955296516,False
TR-02_1-114,0.2099999999627471,False
TR-02_1-115,0.014000000432133675,False
TR-02_1-116,0.19900000002235174,False
TR-02_1-117,0.04900000058114529,False
TR-02_1-118,0.14000000059604645,False
TR-02_1-119,0.178999999538064,False
TR-02_1-120,0.06800000090152025,False
TR-02_2-001,0.14599999971687794,False
TR-02_2-002,0.008999999612569809,False
TR-02_2-003,0.20800000056624413,False
TR-02_2-004,0.13499999977648258,False
TR-02_2-005,0.2189999995753169,False
TR-02_2-006,0.13500000070780516,False
TR-02_2-007,0.19000000040978193,False
TR-02_2-008,0.1430000001564622,False
TR-02_2-009,0.1600000001490116,False
TR-02_2-010,0.09599999990314245,False
TR-02_2-011,0.14599999971687794,False
TR-02_2-012,0.11799999978393316,False
TR-02_2-013,0.07900000084191561,False
TR-02_2-014,0.039000000804662704,False
TR-02_2-015,0.03199999965727329,False
TR-02_2-016,0.05200000014156103,False
TR-02_2-017,0.023000000044703484,False
TR-02_2-018,0.053000000305473804,False
TR-02_2-019,0.19099999964237213,False
TR-02_2-020,0.012000000104308128,False
TR-02_2-021,0.1650000000372529,False
TR-02_2-022,0.2630000002682209,False
TR-02_2-023,0.20000000018626451,False
TR-02_2-024,0.22699999995529652,False
TR-02_2-025,0.16700000036507845,False
TR-02_2-026,0.11899999994784594,False
TR-02_2-027,0.16100000031292439,False
TR-02_2-028,0.13200000021606684,False
TR-02_2-029,0.10300000011920929,False
TR-02_2-030,0.06700000073760748,False
TR-02_2-031,0.2629999993368983,False
TR-02_2-032,0.1299999998882413,False
TR-02_2-033,0.1569999996572733,False
TR-02_2-034,0.12600000016391277,False
TR-02_2-035,0.01899999938905239,False
TR-02_2-036,0.06799999997019768,False
TR-02_2-037,0.08999999985098839,False
TR-02_2-038,0.27000000048428774,False
TR-02_2-039,0.08600000012665987,False
TR-02_2-040,0.13200000021606684,False
TR-02_2-041,0.14099999982863665,False
TR-02_2-042,0.0030000004917383194,False
TR-02_2-043,0.16399999987334013,False
TR-02_2-044,0.12700000032782555,False
TR-02_2-045,0.151999999769032,False
TR-02_2-046,0.04899999964982271,False
TR-02_2-047,0.013000000268220901,False
TR-02_2-048,0.11600000038743019,False
TR-02_2-049,0.1439999993890524,False
TR-02_2-050,0.24399999994784594,False
TR-02_2-051,0.13200000021606684,False
TR-02_2-052,0.026999999769032,False
TR-02_2-053,0.16299999970942736,False
TR-02_2-054,0.1969999996945262,False
TR-02_2-055,0.1600000001490116,False
TR-02_2-056,0.1430000001564622,False
TR-02_2-057,2.092999999411404,False
TR-02_2-058,0.053000000305473804,False
TR-02_2-059,36.69400000013411,True
TR-02_2-060,0.1740000005811453,False
TR-02_2-061,0.09900000039488077,False
TR-02_2-062,0.18599999975413084,False
TR-02_2-063,0.12899999972432852,False
TR-02_2-064,0.17100000008940697,False
TR-02_2-065,0.098000000230968,False
TR-02_2-066,0.032999999821186066,False
TR-02_2-067,0.015999999828636646,False
TR-02_2-068,0.098000000230968,False
TR-02_2-069,0.06799999997019768,False
TR-02_2-070,0.0849999999627471,False
TR-02_2-071,0.09999999962747097,False
TR-02_2-072,0.1569999996572733,False
TR-02_2-073,0.15099999960511923,False
TR-02_2-074,0.24200000055134296,False
TR-02_2-076,0.10500000044703484,False
TR-02_2-077,0.12699999939650297,False
TR-02_2-078,0.1919999998062849,False
TR-02_2-079,0.0800000000745058,False
TR-02_2-080,0.1650000000372529,False
TR-02_2-081,0.10599999967962503,False
TR-02_2-082,0.15299999993294477,False
TR-02_2-083,0.05700000002980232,False
TR-02_2-084,0.12000000011175871,False
TR-02_2-085,0.1569999996572733,False
TR-02_2-086,0.12000000011175871,False
TR-02_2-087,0.11400000005960464,False
TR-02_2-088,0.0800000000745058,False
TR-02_2-089,0.11799999978393316,False
TR-02_2-090,0.10900000017136335,False
TR-02_2-091,0.10499999951571226,False
TR-02_2-092,0.10199999995529652,False
TR-02_2-093,0.19499999936670065,False
TR-02_2-094,0.04799999948590994,False
TR-02_2-095,0.06500000040978193,False
TR-02_2-096,0.009999999776482582,False
TR-02_2-097,0.0010000001639127731,False
TR-02_2-098,0.09999999962747097,False
TR-02_2-099,0.1510000005364418,False
TR-02_2-100,0.007000000216066837,False
TR-02_2-101,0.013000000268220901,False
TR-02_2-102,0.0010000001639127731,False
TR-02_2-103,0.08799999952316284,False
TR-02_2-104,0.23200000077486038,False
TR-02_2-105,0.0989999994635582,False
TR-02_2-106,0.15299999993294477,False
TR-02_2-107,0.1299999998882413,False
TR-02_2-108,0.12000000011175871,False
TR-02_2-109,0.10400000028312206,False
TR-02_2-110,0.06199999991804361,False
TR-02_2-111,0.1510000005364418,False
TR-02_2-112,0.10600000061094761,False
TR-02_2-113,0.125,False
TR-02_2-114,0.13999999966472387,False
TR-02_2-115,0.19700000062584877,False
TR-02_2-116,0.0989999994635582,False
TR-02_2-117,0.10699999984353781,False
TR-02_2-118,0.196000000461936,False
TR-02_2-119,0.036999999545514584,False
TR-03_1-001,0.15500000026077032,False
TR-03_1-002,0.11800000071525574,False
TR-03_1-003,0.15400000009685755,False
TR-03_1-004,0.023000000044703484,False
TR-03_1-005,0.2149999998509884,False
TR-03_1-006,0.3080000001937151,False
TR-03_1-007,0.053000000305473804,False
TR-03_1-008,0.14800000004470348,False
TR-03_1-009,0.0849999999627471,False
TR-03_1-010,0.08600000012665987,False
TR-03_1-011,0.011999999172985554,False
TR-03_1-012,0.09000000078231096,False
TR-03_1-013,0.04600000008940697,False
TR-03_1-014,0.16299999970942736,False
TR-03_1-015,0.2099999999627471,False
TR-03_1-016,0.15099999960511923,False
TR-03_1-017,0.12799999956041574,False
TR-03_1-018,0.02599999960511923,False
TR-03_1-019,0.1969999996945262,False
TR-03_1-020,0.4150000000372529,False
TR-03_1-021,0.08700000029057264,False
TR-03_1-023,0.4320000000298023,False
TR-03_1-024,0.15400000009685755,False
TR-03_1-025,0.07400000002235174,False
TR-03_1-026,0.0020000003278255463,False
TR-03_1-027,0.1780000003054738,False
TR-03_1-028,0.2719999998807907,False
TR-03_1-029,0.44799999985843897,False
TR-03_1-030,0.24899999983608723,False
TR-03_1-031,0.12300000060349703,False
TR-03_1-032,0.39900000020861626,False
TR-03_1-033,0.05099999997764826,False
TR-03_1-034,0.04399999976158142,False
TR-03_1-035,0.11700000055134296,False
TR-03_1-036,0.0009999992325901985,False
TR-03_1-037,0.08199999947100878,False
TR-03_1-038,0.10199999995529652,False
TR-03_1-039,0.2050000000745058,False
TR-03_1-040,0.22200000006705523,False
TR-03_1-041,0.14199999999254942,False
TR-03_1-042,0.0849999999627471,False
TR-03_1-043,0.0800000000745058,False
TR-03_1-044,0.19599999953061342,False
TR-03_1-045,0.2189999995753169,False
TR-03_1-046,0.19299999997019768,False
TR-03_1-047,0.21299999952316284,False
TR-03_1-048,0.2180000003427267,False
TR-03_1-049,0.12699999939650297,False
TR-03_1-050,0.09299999941140413,False
TR-03_1-051,0.1699999999254942,False
TR-03_1-052,0.098000000230968,False
TR-03_1-053,0.38299999944865704,False
TR-03_1-054,0.223000000230968,False
TR-03_1-055,0.07200000062584877,False
TR-03_1-056,0.017999999225139618,False
TR-03_1-057,0.015000000596046448,False
TR-03_1-058,0.125,False
TR-03_1-059,0.26099999994039536,False
TR-03_1-060,0.1650000000372529,False
TR-03_1-061,0.28799999970942736,False
TR-03_1-062,0.3719999995082617,False
TR-03_1-063,0.2459999993443489,False
TR-03_1-064,0.1880000000819564,False
TR-03_1-065,0.041999999433755875,False
TR-03_1-066,0.0669999998062849,False
TR-03_1-067,0.3200000002980232,False
TR-03_1-068,0.21600000001490116,False
TR-03_1-069,0.07699999958276749,False
TR-03_1-070,0.42299999948590994,False
TR-03_1-071,0.058000000193715096,False
TR-03_1-072,0.1780000003054738,False
TR-03_1-073,0.13700000010430813,False
TR-03_1-074,0.2599999997764826,False
TR-03_1-075,0.23599999956786633,False
TR-03_1-076,0.1910000005736947,False
TR-03_1-077,0.15599999949336052,False
TR-03_1-078,0.012000000104308128,False
TR-03_1-079,0.32799999974668026,False
TR-03_1-080,0.03399999998509884,False
TR-03_1-081,0.13499999977648258,False
TR-03_1-082,0.015999999828636646,False
TR-03_1-083,0.32400000002235174,False
TR-03_1-084,0.028999999165534973,False
TR-03_1-085,0.13199999928474426,False
TR-03_1-086,0.24399999994784594,False
TR-03_1-087,0.07400000002235174,False
TR-03_1-088,0.03000000026077032,False
TR-03_1-089,0.06599999964237213,False
TR-03_1-090,0.03000000026077032,False
TR-03_1-091,0.151999999769032,False
TR-03_1-092,0.041000000201165676,False
TR-03_1-093,0.09299999941140413,False
TR-03_1-094,0.04600000008940697,False
TR-03_1-095,0.2360000004991889,False
TR-03_1-096,0.07099999953061342,False
TR-03_1-097,0.24299999978393316,False
TR-03_1-098,0.014000000432133675,False
TR-03_1-099,0.2140000006183982,False
TR-03_1-100,0.12399999983608723,False
TR-03_1-101,0.13100000005215406,False
TR-03_1-102,0.23500000033527613,False
TR-03_1-104,0.3739999998360872,False
TR-03_1-105,0.21300000045448542,False
TR-03_1-106,0.4510000003501773,False
TR-03_1-107,0.098000000230968,False
TR-03_1-108,0.023000000044703484,False
TR-03_1-109,0.06499999947845936,False
TR-03_1-110,0.36400000005960464,False
TR-03_1-111,0.2510000001639128,False
TR-03_1-112,0.31400000024586916,False
TR-03_1-113,0.036999999545514584,False
TR-03_1-114,0.35900000017136335,False
TR-03_1-115,0.11000000033527613,False
TR-03_1-116,0.11799999978393316,False
TR-03_1-117,0.003999999724328518,False
TR-03_1-119,0.2459999993443489,False
TR-03_1-120,0.14900000020861626,False
TR-03_1-121,0.3049999997019768,False
TR-03_1-122,0.24799999967217445,False
TR-03_1-123,0.16199999954551458,False
TR-03_1-124,0.09100000001490116,False
TR-03_2-001,0.11400000005960464,False
TR-03_2-002,0.098000000230968,False
TR-03_2-003,0.036999999545514584,False
TR-03_2-004,0.12399999983608723,False
TR-03_2-005,0.044000000692903996,False
TR-03_2-006,0.1110000004991889,False
TR-03_2-007,0.10800000000745058,False
TR-03_2-008,0.0400000000372529,False
TR-03_2-009,0.06599999964237213,False
TR-03_2-010,0.1330000003799796,False
TR-03_2-011,0.32200000062584877,False
TR-03_2-012,0.16299999970942736,False
TR-03_2-013,0.012000000104308128,False
TR-03_2-014,0.1600000001490116,False
TR-03_2-015,0.054999999701976776,False
TR-03_2-016,0.09400000050663948,False
TR-03_2-017,0.15899999998509884,False
TR-03_2-018,0.10199999995529652,False
TR-03_2-019,0.09400000050663948,False
TR-03_2-020,0.006000000052154064,False
TR-03_2-021,0.053000000305473804,False
TR-03_2-022,0.19499999936670065,False
TR-03_2-023,0.2689999993890524,False
TR-03_2-024,0.12700000032782555,False
TR-03_2-025,0.27500000037252903,False
TR-03_2-026,0.08199999947100878,False
TR-03_2-027,0.22200000006705523,False
TR-03_2-028,0.1650000000372529,False
TR-03_2-029,0.1510000005364418,False
TR-03_2-030,0.1739999996498227,False
TR-03_2-031,0.10399999935179949,False
TR-03_2-032,0.04900000058114529,False
TR-03_2-033,0.06200000084936619,False
TR-03_2-034,0.24000000022351742,False
TR-03_2-035,0.0989999994635582,False
TR-03_2-036,0.1389999995008111,False
TR-03_2-037,0.15799999982118607,False
TR-03_2-038,0.13299999944865704,False
TR-03_2-039,0.125,False
TR-03_2-040,0.10699999984353781,False
TR-03_2-041,0.13299999944865704,False
TR-03_2-042,0.024999999441206455,False
TR-03_2-043,0.16199999954551458,False
TR-03_2-044,0.15399999916553497,False
TR-03_2-045,0.12700000032782555,False
TR-03_2-046,0.17599999997764826,False
TR-03_2-047,0.1469999998807907,False
TR-03_2-048,0.23400000017136335,False
TR-03_2-049,0.15299999993294477,False
TR-03_2-050,0.02199999988079071,False
TR-03_2-051,0.1380000002682209,False
TR-03_2-052,0.11400000005960464,False
TR-03_2-053,0.07000000029802322,False
TR-03_2-054,0.1299999998882413,False
TR-03_2-055,0.09499999973922968,False
TR-03_2-056,0.14400000032037497,False
TR-03_2-057,0.15899999998509884,False
TR-03_2-058,0.23099999967962503,False
TR-03_2-059,1.1239999998360872,False
TR-03_2-060,36.799999999813735,True
TR-03_2-061,0.08399999979883432,False
TR-03_2-062,0.10099999979138374,False
TR-03_2-063,0.23900000005960464,False
TR-03_2-064,0.09900000039488077,False
TR-03_2-065,0.15799999982118607,False
TR-03_2-066,0.07500000018626451,False
TR-03_2-067,0.05799999926239252,False
TR-03_2-068,0.1380000002682209,False
TR-03_2-069,0.1330000003799796,False
TR-03_2-070,0.11400000005960464,False
TR-03_2-071,0.21299999952316284,False
TR-03_2-072,0.05700000002980232,False
TR-03_2-073,0.06599999964237213,False
TR-03_2-074,0.16200000047683716,False
TR-03_2-075,0.223000000230968,False
TR-03_2-076,0.17100000008940697,False
TR-03_2-077,0.125,False
TR-03_2-079,0.20699999947100878,False
TR-03_2-080,0.19500000029802322,False
TR-03_2-081,0.08200000040233135,False
TR-03_2-082,0.17499999981373549,False
TR-03_2-083,0.03000000026077032,False
TR-03_2-084,0.21299999952316284,False
TR-03_2-085,0.1299999998882413,False
TR-03_2-086,0.027999999932944775,False
TR-03_2-087,0.09599999990314245,False
TR-03_2-088,0.09900000039488077,False
TR-03_2-089,0.1699999999254942,False
TR-03_2-090,0.125,False
TR-03_2-091,0.15799999982118607,False
TR-03_2-092,0.013000000268220901,False
TR-03_2-093,0.04900000058114529,False
TR-03_2-094,0.023000000044703484,False
TR-03_2-095,0.1830000001937151,False
TR-03_2-096,0.19900000002235174,False
TR-03_2-097,0.1880000000819564,False
TR-03_2-098,0.15899999998509884,False
TR-03_2-099,0.06799999997019768,False
TR-03_2-100,0.12700000032782555,False
TR-03_2-101,0.16600000020116568,False
TR-03_2-102,0.1460000006482005,False
TR-03_2-103,0.14800000004470348,False
TR-03_2-104,0.04299999959766865,False
TR-03_2-105,0.13499999977648258,False
TR-03_2-106,0.16899999976158142,False
TR-03_2-107,0.125,False
TR-03_2-108,0.07799999974668026,False
TR-03_2-110,0.003999999724328518,False
TR-03_2-111,0.18599999975413084,False
TR-03_2-112,0.19800000078976154,False
TR-03_2-113,0.16299999970942736,False
TR-03_2-114,0.010999999940395355,False
TR-03_2-115,0.11299999989569187,False
TR-03_2-116,0.09299999941140413,False
TR-03_2-117,0.0019999993965029716,False
TR-03_2-118,0.2910000002011657,False
TR-03_2-119,0.20399999991059303,False
TR-03_2-120,0.015999999828636646,False
TR-04_1-001,0.15200000070035458,False
TR-04_1-002,0.43900000024586916,False
TR-04_1-003,0.16399999987334013,False
TR-04_1-004,0.16700000036507845,False
TR-04_1-005,0.23499999940395355,False
TR-04_1-006,0.04399999976158142,False
TR-04_1-007,0.10900000017136335,False
TR-04_1-008,0.1469999998807907,False
TR-04_1-009,0.17799999937415123,False
TR-04_1-010,0.1430000001564622,False
TR-04_1-011,0.1389999995008111,False
TR-04_1-012,0.029000000096857548,False
TR-04_1-013,0.029000000096857548,False
TR-04_1-014,0.16600000020116568,False
TR-04_1-015,0.1919999998062849,False
TR-04_1-016,0.1299999998882413,False
TR-04_1-017,0.12600000016391277,False
TR-04_1-018,0.09700000006705523,False
TR-04_1-019,0.10199999995529652,False
TR-04_1-020,0.09299999941140413,False
TR-04_1-021,0.04200000036507845,False
TR-04_1-022,0.11899999994784594,False
TR-04_1-023,0.1299999998882413,False
TR-04_1-024,0.13100000005215406,False
TR-04_1-025,0.12600000016391277,False
TR-04_1-026,0.1869999999180436,False
TR-04_1-027,0.2149999998509884,False
TR-04_1-028,0.21600000001490116,False
TR-04_1-029,0.27500000037252903,False
TR-04_1-030,0.178999999538064,False
TR-04_1-031,0.0019999993965029716,False
TR-04_1-032,0.14900000020861626,False
TR-04_1-033,0.15400000009685755,False
TR-04_1-034,0.1560000004246831,False
TR-04_1-035,0.11599999945610762,False
TR-04_1-036,0.07500000018626451,False
TR-04_1-037,0.15099999960511923,False
TR-04_1-038,0.11899999994784594,False
TR-04_1-039,0.14199999999254942,False
TR-04_1-040,0.15500000026077032,False
TR-04_1-041,0.13900000043213367,False
TR-04_1-042,0.01699999999254942,False
TR-04_1-043,0.009000000543892384,False
TR-04_1-044,0.12000000011175871,False
TR-04_1-045,0.15400000009685755,False
TR-04_1-046,0.10600000061094761,False
TR-04_1-047,0.2900000000372529,False
TR-04_1-048,0.16299999970942736,False
TR-04_1-049,0.05999999959021807,False
TR-04_1-050,0.019999999552965164,False
TR-04_1-051,0.10000000055879354,False
TR-04_1-052,0.24899999983608723,False
TR-04_1-053,0.1119999997317791,False
TR-04_1-054,0.18000000063329935,False
TR-04_1-055,0.20000000018626451,False
TR-04_1-056,0.13400000054389238,False
TR-04_1-057,0.125,False
TR-04_1-058,0.13599999994039536,False
TR-04_1-059,0.07400000002235174,False
TR-04_1-060,0.16899999976158142,False
TR-04_1-061,0.1600000001490116,False
TR-04_1-062,0.30200000014156103,False
TR-04_1-063,0.17599999997764826,False
TR-04_1-064,0.017999999225139618,False
TR-04_1-065,0.07000000029802322,False
TR-04_1-066,35.64599999971688,True
TR-04_1-067,0.1330000003799796,False
TR-04_1-068,0.01899999938905239,False
TR-04_1-069,0.024000000208616257,False
TR-04_1-070,0.12799999956041574,False
TR-04_1-071,0.20300000067800283,False
TR-04_1-072,0.10800000000745058,False
TR-04_1-073,0.15800000075250864,False
TR-04_1-074,0.1330000003799796,False
TR-04_1-075,0.19800000078976154,False
TR-04_1-076,0.15500000026077032,False
TR-04_1-077,0.19000000040978193,False
TR-04_1-078,0.02199999988079071,False
TR-04_1-079,0.008999999612569809,False
TR-04_1-080,0.004999999888241291,False
TR-04_1-082,0.012000000104308128,False
TR-04_1-083,0.21200000029057264,False
TR-04_1-084,0.0409999992698431,False
TR-04_1-085,0.04700000025331974,False
TR-04_1-086,0.11200000066310167,False
TR-04_1-087,0.08899999968707561,False
TR-04_1-088,0.02000000048428774,False
TR-04_1-089,0.0800000000745058,False
TR-04_1-090,0.14199999999254942,False
TR-04_1-092,0.07099999953061342,False
TR-04_1-093,0.21200000029057264,False
TR-04_1-094,0.11799999978393316,False
TR-04_1-095,0.16899999976158142,False
TR-04_1-096,0.08399999979883432,False
TR-04_1-097,0.31599999964237213,False
TR-04_1-098,0.1699999999254942,False
TR-04_1-099,0.11000000033527613,False
TR-04_1-100,0.40400000009685755,False
TR-04_1-101,0.09499999973922968,False
TR-04_1-102,0.20300000067800283,False
TR-04_1-103,0.03899999987334013,False
TR-04_1-104,0.08199999947100878,False
TR-04_1-105,0.20600000023841858,False
TR-04_1-106,0.11700000055134296,False
TR-04_1-107,0.17599999997764826,False
TR-04_1-109,0.05200000014156103,False
TR-04_1-110,0.1430000001564622,False
TR-04_1-111,0.098000000230968,False
TR-04_1-112,0.02000000048428774,False
TR-04_1-113,0.09400000050663948,False
TR-04_1-114,0.0030000004917383194,False
TR-04_1-115,0.04799999948590994,False
TR-04_1-116,0.03899999987334013,False
TR-04_1-117,0.026999999769032,False
TR-04_1-118,0.10399999935179949,False
TR-04_1-119,0.024000000208616257,False
TR-04_1-120,0.003999999724328518,False
TR-04_1-121,0.10199999995529652,False
TR-04_1-122,0.17499999981373549,False
TR-04_1-123,0.11600000038743019,False
TR-04_1-124,0.041000000201165676,False
TR-04_2-002,0.02000000048428774,False
TR-04_2-003,0.004999999888241291,False
TR-04_2-004,0.08899999968707561,False
TR-04_2-005,0.09700000006705523,False
TR-04_2-006,0.18999999947845936,False
TR-04_2-007,0.21999999973922968,False
TR-04_2-008,0.08899999968707561,False
TR-04_2-009,0.0800000000745058,False
TR-04_2-012,0.10900000017136335,False
TR-04_2-013,0.17200000025331974,False
TR-04_2-014,0.05400000046938658,False
TR-04_2-015,0.07799999974668026,False
TR-04_2-016,0.10300000011920929,False
TR-04_2-017,0.06000000052154064,False
TR-04_2-019,0.013000000268220901,False
TR-04_2-020,0.07200000062584877,False
TR-04_2-021,0.12299999967217445,False
TR-04_2-022,0.006000000052154064,False
TR-04_2-023,0.19099999964237213,False
TR-04_2-024,0.13299999944865704,False
TR-04_2-025,0.09100000001490116,False
TR-04_2-026,0.16899999976158142,False
TR-04_2-029,0.14599999971687794,False
TR-04_2-030,0.044999999925494194,False
TR-04_2-031,0.18200000002980232,False
TR-04_2-032,0.16600000020116568,False
TR-04_2-033,0.22499999962747097,False
TR-04_2-034,0.032999999821186066,False
TR-04_2-036,0.018000000156462193,False
TR-04_2-037,0.03399999998509884,False
TR-04_2-038,0.09299999941140413,False
TR-04_2-039,0.125,False
TR-04_2-040,0.1469999998807907,False
TR-04_2-041,0.0010000001639127731,False
TR-04_2-042,0.007000000216066837,False
TR-04_2-043,0.08999999985098839,False
TR-04_2-046,0.07799999974668026,False
TR-04_2-047,0.023000000044703484,False
TR-04_2-048,0.11300000082701445,False
TR-04_2-049,0.1910000005736947,False
TR-04_2-050,0.22099999990314245,False
TR-04_2-051,0.27400000020861626,False
TR-04_2-053,0.032999999821186066,False
TR-04_2-054,0.01899999938905239,False
TR-04_2-055,0.07600000035017729,False
TR-04_2-056,0.1609999993816018,False
TR-04_2-057,0.10499999951571226,False
TR-04_2-058,0.02000000048428774,False
TR-04_2-059,0.06199999991804361,False
TR-04_2-060,0.004999999888241291,False
TR-04_2-063,0.1119999997317791,False
TR-04_2-064,0.14500000048428774,False
TR-04_2-065,0.13499999977648258,False
TR-04_2-066,0.20000000018626451,False
TR-04_2-067,0.03399999998509884,False
TR-04_2-068,0.023000000044703484,False
TR-04_2-070,0.06799999997019768,False
TR-04_2-071,0.21100000012665987,False
TR-04_2-072,0.018000000156462193,False
TR-04_2-073,0.06000000052154064,False
TR-04_2-074,0.02000000048428774,False
TR-04_2-075,0.10000000055879354,False
TR-04_2-076,0.10800000000745058,False
TR-04_2-077,0.03500000014901161,False
TR-04_2-080,0.1569999996572733,False
TR-04_2-081,0.00800000037997961,False
TR-04_2-082,0.11000000033527613,False
TR-04_2-083,0.019000000320374966,False
TR-04_2-084,0.11599999945610762,False
TR-04_2-085,0.0939999995753169,False
TR-04_2-087,0.17200000025331974,False
TR-04_2-088,0.015000000596046448,False
TR-04_2-089,0.015000000596046448,False
TR-04_2-090,0.012000000104308128,False
TR-04_2-091,0.06099999975413084,False
TR-04_2-092,0.03000000026077032,False
TR-04_2-093,0.2319999998435378,False
TR-04_2-097,0.2019999995827675,False
TR-04_2-098,0.053000000305473804,False
TR-04_2-099,0.080999999307096,False
TR-04_2-100,0.04899999964982271,False
TR-04_2-101,0.19400000013411045,False
TR-04_2-102,0.12699999939650297,False
TR-04_2-104,0.125,False
TR-04_2-105,0.13599999994039536,False
TR-04_2-106,0.11599999945610762,False
TR-04_2-107,0.10800000000745058,False
TR-04_2-108,0.11599999945610762,False
TR-04_2-109,0.026999999769032,False
TR-04_2-110,0.046999999321997166,False
TR-04_2-111,0.11499999929219484,False
TR-04_2-114,0.19500000029802322,False
TR-04_2-115,0.06499999947845936,False
TR-04_2-116,0.12800000049173832,False
TR-04_2-117,0.007999999448657036,False
TR-04_2-118,0.13299999944865704,False
TR-04_2-119,0.08999999985098839,False
TR-05_1-001,0.06599999964237213,False
TR-05_1-002,0.36499999929219484,False
TR-05_1-003,0.34900000039488077,False
TR-05_1-004,0.1339999996125698,False
TR-05_1-005,0.098000000230968,False
TR-05_1-006,0.06999999936670065,False
TR-05_1-007,0.21100000012665987,False
TR-05_1-008,0.15599999949336052,False
TR-05_1-009,0.13200000021606684,False
TR-05_1-010,0.0849999999627471,False
TR-05_1-011,0.15000000037252903,False
TR-05_1-012,0.34599999990314245,False
TR-05_1-013,0.11899999994784594,False
TR-05_1-014,0.020999999716877937,False
TR-05_1-015,0.10000000055879354,False
TR-05_1-016,0.06499999947845936,False
TR-05_1-017,0.12399999983608723,False
TR-05_1-018,0.13499999977648258,False
TR-05_1-019,0.044999999925494194,False
TR-05_1-020,0.05000000074505806,False
TR-05_1-021,0.03700000047683716,False
TR-05_1-022,0.1460000006482005,False
TR-05_1-023,0.1119999997317791,False
TR-05_1-024,0.2640000004321337,False
TR-05_1-025,0.24899999983608723,False
TR-05_1-026,0.11900000087916851,False
TR-05_1-027,0.1299999998882413,False
TR-05_1-028,0.010999999940395355,False
TR-05_1-029,0.054999999701976776,False
TR-05_1-030,0.023000000044703484,False
TR-05_1-031,0.04299999959766865,False
TR-05_1-032,1.1340000005438924,False
TR-05_1-033,36.60600000061095,True
TR-05_1-034,0.1299999998882413,False
TR-05_1-035,0.13100000005215406,False
TR-05_1-036,0.03899999987334013,False
TR-05_1-037,0.004999999888241291,False
TR-05_1-038,0.21700000017881393,False
TR-05_1-039,0.12100000027567148,False
TR-05_1-040,0.18200000002980232,False
TR-05_1-041,0.21799999941140413,False
TR-05_1-042,0.07599999941885471,False
TR-05_1-043,0.20299999974668026,False
TR-05_1-044,0.1510000005364418,False
TR-05_1-045,0.1119999997317791,False
TR-05_1-046,0.12299999967217445,False
TR-05_1-048,0.2599999997764826,False
TR-05_1-049,0.11699999962002039,False
TR-05_1-050,0.15099999960511923,False
TR-05_1-051,0.14499999955296516,False
TR-05_1-052,0.13299999944865704,False
TR-05_1-053,0.12800000049173832,False
TR-05_1-054,0.17199999932199717,False
TR-05_1-055,0.1380000002682209,False
TR-05_1-056,0.0010000001639127731,False
TR-05_1-057,0.03399999998509884,False
TR-05_1-058,0.14800000004470348,False
TR-05_1-059,0.12100000027567148,False
TR-05_1-060,0.1600000001490116,False
TR-05_1-061,0.1110000004991889,False
TR-05_1-062,0.09499999973922968,False
TR-05_1-063,0.15299999993294477,False
TR-05_1-064,0.10800000000745058,False
TR-05_1-065,0.14199999999254942,False
TR-05_1-066,0.21300000045448542,False
TR-05_1-067,0.06000000052154064,False
TR-05_1-068,0.16700000036507845,False
TR-05_1-069,0.1439999993890524,False
TR-05_1-070,0.125,False
TR-05_1-071,0.15899999998509884,False
TR-05_1-072,0.18900000024586916,False
TR-05_1-073,0.14899999927729368,False
TR-05_1-074,0.07000000029802322,False
TR-05_1-075,0.023000000044703484,False
TR-05_1-076,0.20000000018626451,False
TR-05_1-077,0.1430000001564622,False
TR-05_1-078,0.04700000025331974,False
TR-05_1-079,0.029000000096857548,False
TR-05_1-080,0.018000000156462193,False
TR-05_1-081,0.019999999552965164,False
TR-05_1-082,0.16399999987334013,False
TR-05_1-083,0.09700000006705523,False
TR-05_1-084,0.22200000006705523,False
TR-05_1-085,0.1910000005736947,False
TR-05_1-086,0.023000000044703484,False
TR-05_1-087,0.14500000048428774,False
TR-05_1-088,0.12200000043958426,False
TR-05_1-089,0.03399999998509884,False
TR-05_1-090,0.151999999769032,False
TR-05_1-091,0.125,False
TR-05_1-092,0.18599999975413084,False
TR-05_1-093,0.11000000033527613,False
TR-05_1-094,0.18400000035762787,False
TR-05_1-095,0.08999999985098839,False
TR-05_1-096,0.17200000025331974,False
TR-05_1-097,0.1869999999180436,False
TR-05_1-098,0.06099999975413084,False
TR-05_1-099,0.12299999967217445,False
TR-05_1-100,0.024999999441206455,False
TR-05_1-101,0.006999999284744263,False
TR-05_1-102,0.003999999724328518,False
TR-05_1-103,0.08899999968707561,False
TR-05_1-104,0.20799999963492155,False
TR-05_1-105,0.16299999970942736,False
TR-05_1-106,0.12800000049173832,False
TR-05_1-107,0.14400000032037497,False
TR-05_1-108,0.15899999998509884,False
TR-05_1-109,0.1609999993816018,False
TR-05_1-110,0.16899999976158142,False
TR-05_1-111,0.18599999975413084,False
TR-05_1-112,0.12600000016391277,False
TR-05_1-113,0.18500000052154064,False
TR-05_1-114,0.02199999988079071,False
TR-05_1-115,0.11700000055134296,False
TR-05_1-116,0.24699999950826168,False
TR-05_1-117,0.04800000041723251,False
TR-05_1-118,0.024999999441206455,False
TR-05_1-119,0.24099999945610762,False
TR-05_2-001,0.07400000002235174,False
TR-05_2-002,0.03899999987334013,False
TR-05_2-003,0.11700000055134296,False
TR-05_2-005,0.16299999970942736,False
TR-05_2-006,0.2639999995008111,False
TR-05_2-007,0.13100000005215406,False
TR-05_2-008,0.26000000070780516,False
TR-05_2-009,0.22499999962747097,False
TR-05_2-010,0.15099999960511923,False
TR-05_2-011,0.041999999433755875,False
TR-05_2-012,0.027999999932944775,False
TR-05_2-013,0.04899999964982271,False
TR-05_2-015,0.06900000013411045,False
TR-05_2-016,0.18499999959021807,False
TR-05_2-017,0.11699999962002039,False
TR-05_2-018,0.07400000002235174,False
TR-05_2-019,0.018000000156462193,False
TR-05_2-020,0.13299999944865704,False
TR-05_2-021,0.151999999769032,False
TR-05_2-022,0.12300000060349703,False
TR-05_2-023,0.024000000208616257,False
TR-05_2-024,0.024999999441206455,False
TR-05_2-025,0.09700000006705523,False
TR-05_2-026,0.05400000046938658,False
TR-05_2-027,0.0040000006556510925,False
TR-05_2-029,0.07599999941885471,False
TR-05_2-030,0.007000000216066837,False
TR-05_2-031,0.03500000014901161,False
TR-05_2-032,0.06300000008195639,False
TR-05_2-033,0.20000000018626451,False
TR-05_2-034,0.06999999936670065,False
TR-05_2-035,0.1600000001490116,False
TR-05_2-036,0.3250000001862645,False
TR-05_2-037,0.24300000071525574,False
TR-05_2-038,0.019999999552965164,False
TR-05_2-039,0.3119999999180436,False
TR-05_2-041,0.2149999998509884,False
TR-05_2-042,0.03399999998509884,False
TR-05_2-043,0.12100000027567148,False
TR-05_2-044,0.0020000003278255463,False
TR-05_2-045,0.17700000014156103,False
TR-05_2-046,0.16399999987334013,False
TR-05_2-047,0.04600000008940697,False
TR-05_2-048,0.049999999813735485,False
TR-05_2-049,0.023000000044703484,False
TR-05_2-050,0.10899999924004078,False
TR-05_2-051,0.058999999426305294,False
TR-05_2-052,0.02500000037252903,False
TR-05_2-053,0.0020000003278255463,False
TR-05_2-054,0.03899999987334013,False
TR-05_2-056,0.07599999941885471,False
TR-05_2-057,0.1650000000372529,False
TR-05_2-058,0.03899999987334013,False
TR-05_2-059,0.07899999991059303,False
TR-05_2-060,0.2019999995827675,False
TR-05_2-061,0.3089999994263053,False
TR-05_2-062,0.10400000028312206,False
TR-05_2-063,0.30000000074505806,False
TR-05_2-064,0.3580000000074506,False
TR-05_2-065,0.024000000208616257,False
TR-05_2-066,0.07200000062584877,False
TR-05_2-067,0.20600000023841858,False
TR-05_2-068,0.09900000039488077,False
TR-05_2-069,0.16100000031292439,False
TR-05_2-070,0.2850000001490116,False
TR-05_2-071,0.015999999828636646,False
TR-05_2-072,0.07000000029802322,False
TR-05_2-074,0.14099999982863665,False
TR-05_2-075,0.14900000020861626,False
TR-05_2-076,0.9750000005587935,False
TR-05_2-077,0.04799999948590994,False
TR-05_2-078,36.64399999938905,True
TR-05_2-079,0.13700000010430813,False
TR-05_2-080,0.15799999982118607,False
TR-05_2-081,0.1380000002682209,False
TR-05_2-082,0.06900000013411045,False
TR-05_2-083,0.11299999989569187,False
TR-05_2-084,0.38200000021606684,False
TR-05_2-085,0.12299999967217445,False
TR-05_2-086,0.018000000156462193,False
TR-05_2-088,0.15700000058859587,False
TR-05_2-089,0.12299999967217445,False
TR-05_2-091,0.19200000073760748,False
TR-05_2-092,0.08399999979883432,False
TR-05_2-093,0.14100000075995922,False
TR-05_2-094,0.12799999956041574,False
TR-05_2-095,0.16799999959766865,False
TR-05_2-096,0.10599999967962503,False
TR-05_2-097,0.08199999947100878,False
TR-05_2-099,0.13499999977648258,False
TR-05_2-100,0.15200000070035458,False
TR-05_2-101,0.11400000005960464,False
TR-05_2-102,0.20600000023841858,False
TR-05_2-103,0.16200000047683716,False
TR-05_2-104,0.16600000020116568,False
TR-05_2-105,0.13900000043213367,False
TR-05_2-106,0.13100000005215406,False
TR-05_2-107,0.04600000008940697,False
TR-05_2-108,0.19099999964237213,False
TR-05_2-110,0.1839999994263053,False
TR-05_2-111,0.1569999996572733,False
TR-05_2-112,0.11500000022351742,False
TR-05_2-113,0.17900000046938658,False
TR-05_2-114,0.07600000035017729,False
TR-05_2-115,0.12799999956041574,False
TR-05_2-116,0.17599999997764826,False
TR-05_2-117,0.10800000000745058,False
TR-05_2-118,0.1119999997317791,False
TR-05_2-119,0.14900000020861626,False
TR-06_1-002,0.058999999426305294,False
TR-06_1-003,0.21399999968707561,False
TR-06_1-004,0.014000000432133675,False
TR-06_1-005,0.17699999921023846,False
TR-06_1-006,0.12099999934434891,False
TR-06_1-007,0.1869999999180436,False
TR-06_1-008,0.1430000001564622,False
TR-06_1-009,0.14500000048428774,False
TR-06_1-010,0.08100000023841858,False
TR-06_1-011,0.1600000001490116,False
TR-06_1-012,0.12299999967217445,False
TR-06_1-013,0.1259999992325902,False
TR-06_1-015,0.11600000038743019,False
TR-06_1-016,0.10300000011920929,False
TR-06_1-017,0.13799999933689833,False
TR-06_1-018,0.1910000005736947,False
TR-06_1-019,0.03300000075250864,False
TR-06_1-020,0.14900000020861626,False
TR-06_1-021,0.12800000049173832,False
TR-06_1-022,0.16200000047683716,False
TR-06_1-023,0.15599999949336052,False
TR-06_1-024,0.09499999973922968,False
TR-06_1-025,0.058000000193715096,False
TR-06_1-026,0.18200000002980232,False
TR-06_1-027,0.07600000035017729,False
TR-06_1-028,0.08799999952316284,False
TR-06_1-029,0.06400000024586916,False
TR-06_1-030,0.07700000051409006,False
TR-06_1-031,0.18599999975413084,False
TR-06_1-032,0.21600000001490116,False
TR-06_1-033,0.11299999989569187,False
TR-06_1-034,0.16199999954551458,False
TR-06_1-035,0.16699999943375587,False
TR-06_1-036,0.19099999964237213,False
TR-06_1-037,0.15500000026077032,False
TR-06_1-038,0.1600000001490116,False
TR-06_1-039,0.13599999994039536,False
TR-06_1-040,0.2779999999329448,False
TR-06_1-041,0.09499999973922968,False
TR-06_1-042,0.14099999982863665,False
TR-06_1-043,0.1469999998807907,False
TR-06_1-044,0.12300000060349703,False
TR-06_1-045,0.14800000004470348,False
TR-06_1-046,0.056000000797212124,False
TR-06_1-047,0.11400000005960464,False
TR-06_1-048,0.07000000029802322,False
TR-06_1-049,0.1240000007674098,False
TR-06_1-050,0.20299999974668026,False
TR-06_1-051,0.09100000001490116,False
TR-06_1-052,0.1910000005736947,False
TR-06_1-053,0.12099999934434891,False
TR-06_1-054,0.15899999998509884,False
TR-06_1-055,0.03899999987334013,False
TR-06_1-056,0.14400000032037497,False
TR-06_1-057,0.05599999986588955,False
TR-06_1-058,0.24799999967217445,False
TR-06_1-059,0.17900000046938658,False
TR-06_1-060,0.13499999977648258,False
TR-06_1-061,0.11800000071525574,False
TR-06_1-062,0.10800000000745058,False
TR-06_1-063,0.09900000039488077,False
TR-06_1-064,0.15299999993294477,False
TR-06_1-065,0.14900000020861626,False
TR-06_1-066,0.10399999935179949,False
TR-06_1-067,0.071000000461936,False
TR-06_1-068,0.16300000064074993,False
TR-06_1-069,0.12000000011175871,False
TR-06_1-070,0.14400000032037497,False
TR-06_1-071,0.23300000000745058,False
TR-06_1-072,0.13499999977648258,False
TR-06_1-073,0.15000000037252903,False
TR-06_1-074,0.24399999994784594,False
TR-06_1-075,0.04700000025331974,False
TR-06_1-076,36.68599999975413,True
TR-06_1-077,0.14099999982863665,False
TR-06_1-078,0.30199999921023846,False
TR-06_1-079,0.04299999959766865,False
TR-06_1-080,0.16600000020116568,False
TR-06_1-081,0.18400000035762787,False
TR-06_1-082,0.13200000021606684,False
TR-06_1-083,0.12300000060349703,False
TR-06_1-084,0.098000000230968,False
TR-06_1-085,0.18500000052154064,False
TR-06_1-086,0.06399999931454659,False
TR-06_1-087,0.12199999950826168,False
TR-06_1-088,0.08799999952316284,False
TR-06_1-089,0.17999999970197678,False
TR-06_1-090,0.08999999985098839,False
TR-06_1-092,0.058000000193715096,False
TR-06_1-093,0.1389999995008111,False
TR-06_1-094,0.11700000055134296,False
TR-06_1-095,0.17599999997764826,False
TR-06_1-096,0.16600000020116568,False
TR-06_1-097,0.28899999987334013,False
TR-06_1-098,0.2050000000745058,False
TR-06_1-099,0.16299999970942736,False
TR-06_1-100,0.15299999993294477,False
TR-06_1-101,0.06999999936670065,False
TR-06_1-102,0.1830000001937151,False
TR-06_1-103,0.10500000044703484,False
TR-06_1-104,0.12899999972432852,False
TR-06_1-105,0.15700000058859587,False
TR-06_1-106,0.15700000058859587,False
TR-06_1-107,0.13200000021606684,False
TR-06_1-108,0.17200000025331974,False
TR-06_1-109,0.14900000020861626,False
TR-06_1-110,0.1869999999180436,False
TR-06_1-111,0.125,False
TR-06_1-112,0.2239999994635582,False
TR-06_1-113,0.18400000035762787,False
TR-06_1-114,0.1830000001937151,False
TR-06_1-115,0.36299999989569187,False
TR-06_1-116,0.14100000075995922,False
TR-06_1-117,0.11000000033527613,False
TR-06_1-118,0.07800000067800283,False
TR-06_1-119,0.14000000059604645,False
TR-06_2-002,0.151999999769032,False
TR-06_2-003,0.09599999990314245,False
TR-06_2-004,0.12899999972432852,False
TR-06_2-005,0.1699999999254942,False
TR-06_2-006,0.13599999994039536,False
TR-06_2-007,0.13100000005215406,False
TR-06_2-008,0.2939999997615814,False
TR-06_2-009,0.40400000009685755,False
TR-06_2-012,0.12399999983608723,False
TR-06_2-013,0.1430000001564622,False
TR-06_2-014,0.14800000004470348,False
TR-06_2-015,0.12700000032782555,False
TR-06_2-016,0.15000000037252903,False
TR-06_2-017,0.09499999973922968,False
TR-06_2-018,0.20600000023841858,False
TR-06_2-019,0.12200000043958426,False
TR-06_2-021,0.34100000001490116,False
TR-06_2-022,0.13100000005215406,False
TR-06_2-023,0.26500000059604645,False
TR-06_2-024,0.14999999944120646,False
TR-06_2-025,0.11099999956786633,False
TR-06_2-026,0.24000000022351742,False
TR-06_2-027,0.10800000000745058,False
TR-06_2-028,0.17100000008940697,False
TR-06_2-031,0.169000000692904,False
TR-06_2-032,0.0669999998062849,False
TR-06_2-033,0.06000000052154064,False
TR-06_2-034,0.14400000032037497,False
TR-06_2-035,0.11600000038743019,False
TR-06_2-036,0.10300000011920929,False
TR-06_2-037,0.1600000001490116,False
TR-06_2-038,0.12799999956041574,False
TR-06_2-040,0.01699999999254942,False
TR-06_2-041,0.07700000051409006,False
TR-06_2-042,0.0400000000372529,False
TR-06_2-043,0.07000000029802322,False
TR-06_2-044,0.10699999984353781,False
TR-06_2-045,0.13200000021606684,False
TR-06_2-046,0.28399999998509884,False
TR-06_2-047,0.10699999984353781,False
TR-06_2-050,0.08600000012665987,False
TR-06_2-051,0.18400000035762787,False
TR-06_2-052,1.2209999999031425,False
TR-06_2-053,36.803000000305474,True
TR-06_2-054,0.14400000032037497,False
TR-06_2-055,0.08399999979883432,False
TR-06_2-056,0.08600000012665987,False
TR-06_2-057,0.24799999967217445,False
TR-06_2-058,0.0840000007301569,False
TR-06_2-060,0.03000000026077032,False
TR-06_2-061,0.15200000070035458,False
TR-06_2-062,0.15200000070035458,False
TR-06_2-063,0.20000000018626451,False
TR-06_2-064,0.19599999953061342,False
TR-06_2-065,0.23099999967962503,False
TR-06_2-066,0.0939999995753169,False
TR-06_2-067,0.2510000001639128,False
TR-06_2-070,0.14900000020861626,False
TR-06_2-072,0.21600000001490116,False
TR-06_2-073,0.0939999995753169,False
TR-06_2-074,0.13900000043213367,False
TR-06_2-075,0.10899999924004078,False
TR-06_2-076,0.19500000029802322,False
TR-06_2-077,0.2450000001117587,False
TR-06_2-078,0.21200000029057264,False
TR-06_2-080,0.10500000044703484,False
TR-06_2-081,0.06799999997019768,False
TR-06_2-082,0.31599999964237213,False
TR-06_2-083,0.13199999928474426,False
TR-06_2-084,0.15700000058859587,False
TR-06_2-085,0.15399999916553497,False
TR-06_2-086,0.20899999979883432,False
TR-06_2-087,0.1259999992325902,False
TR-06_2-090,0.12100000027567148,False
TR-06_2-091,0.19400000013411045,False
TR-06_2-092,0.15599999949336052,False
TR-06_2-093,0.12200000043958426,False
TR-06_2-094,0.11600000038743019,False
TR-06_2-095,0.14899999927729368,False
TR-06_2-096,0.3619999997317791,False
TR-06_2-097,0.08399999979883432,False
TR-06_2-098,0.18499999959021807,False
TR-06_2-100,0.11899999994784594,False
TR-06_2-101,0.010999999940395355,False
TR-06_2-102,0.23099999967962503,False
TR-06_2-103,0.09599999990314245,False
TR-06_2-104,0.11400000005960464,False
TR-06_2-105,0.10699999984353781,False
TR-06_2-106,0.0849999999627471,False
TR-06_2-107,0.14000000059604645,False
TR-06_2-110,0.06300000008195639,False
TR-06_2-111,0.036999999545514584,False
TR-06_2-112,0.25600000005215406,False
TR-06_2-113,0.19400000013411045,False
TR-06_2-114,0.09499999973922968,False
TR-06_2-115,0.2540000006556511,False
TR-06_2-116,0.21799999941140413,False
TR-06_2-117,0.25200000032782555,False
TR-06_2-118,0.22699999995529652,False
TR-07_1-001,0.15500000026077032,False
TR-07_1-002,0.10599999967962503,False
TR-07_1-003,0.0800000000745058,False
TR-07_1-004,0.12299999967217445,False
TR-07_1-005,0.13700000010430813,False
TR-07_1-006,0.1969999996945262,False
TR-07_1-007,0.09700000006705523,False
TR-07_1-008,0.0800000000745058,False
TR-07_1-009,0.08899999968707561,False
TR-07_1-010,0.15500000026077032,False
TR-07_1-011,0.12399999983608723,False
TR-07_1-012,0.05999999959021807,False
TR-07_1-013,0.23000000044703484,False
TR-07_1-014,0.24699999950826168,False
TR-07_1-015,0.18099999986588955,False
TR-07_1-016,0.09799999929964542,False
TR-07_1-017,0.014999999664723873,False
TR-07_1-018,0.10800000000745058,False
TR-07_1-019,0.03799999970942736,False
TR-07_1-020,0.1479999991133809,False
TR-07_1-021,0.06199999991804361,False
TR-07_1-022,0.11899999994784594,False
TR-07_1-023,0.06599999964237213,False
TR-07_1-024,0.1560000004246831,False
TR-07_1-025,0.1659999992698431,False
TR-07_1-027,0.28899999987334013,False
TR-07_1-028,0.17100000008940697,False
TR-07_1-029,0.09799999929964542,False
TR-07_1-030,0.151999999769032,False
TR-07_1-031,0.21500000078231096,False
TR-07_1-032,0.1259999992325902,False
TR-07_1-033,0.10300000011920929,False
TR-07_1-034,0.10599999967962503,False
TR-07_1-035,0.11800000071525574,False
TR-07_1-036,0.3160000005736947,False
TR-07_1-037,0.20299999974668026,False
TR-07_1-038,0.08799999952316284,False
TR-07_1-039,0.06199999991804361,False
TR-07_1-040,0.0669999998062849,False
TR-07_1-041,0.08800000045448542,False
TR-07_1-042,0.2719999998807907,False
TR-07_1-043,0.22499999962747097,False
TR-07_1-045,0.12899999972432852,False
TR-07_1-046,0.07400000002235174,False
TR-07_1-047,0.0939999995753169,False
TR-07_1-048,0.07000000029802322,False
TR-07_1-049,0.1730000004172325,False
TR-07_1-050,0.06900000013411045,False
TR-07_1-051,0.09900000039488077,False
TR-07_1-052,0.2149999998509884,False
TR-07_1-053,0.05700000002980232,False
TR-07_1-054,0.1650000000372529,False
TR-07_1-055,0.3430000003427267,False
TR-07_1-056,0.04700000025331974,False
TR-07_1-057,0.1119999997317791,False
TR-07_1-058,0.14499999955296516,False
TR-07_1-059,0.08399999979883432,False
TR-07_1-060,0.13100000005215406,False
TR-07_1-061,0.26999999955296516,False
TR-07_1-062,0.10800000000745058,False
TR-07_1-063,0.21300000045448542,False
TR-07_1-064,0.14599999971687794,False
TR-07_1-065,0.1290000006556511,False
TR-07_1-066,0.12299999967217445,False
TR-07_1-068,0.11700000055134296,False
TR-07_1-069,0.05900000035762787,False
TR-07_1-070,0.09900000039488077,False
TR-07_1-071,0.11000000033527613,False
TR-07_1-072,0.11899999994784594,False
TR-07_1-073,0.10400000028312206,False
TR-07_1-074,0.11699999962002039,False
TR-07_1-075,0.14000000059604645,False
TR-07_1-076,0.14800000004470348,False
TR-07_1-077,0.10400000028312206,False
TR-07_1-078,0.10800000000745058,False
TR-07_1-079,0.049999999813735485,False
TR-07_1-080,0.21299999952316284,False
TR-07_1-081,0.31099999975413084,False
TR-07_1-082,0.2090000007301569,False
TR-07_1-083,0.14400000032037497,False
TR-07_1-084,0.1569999996572733,False
TR-07_1-085,0.12300000060349703,False
TR-07_1-086,0.04700000025331974,False
TR-07_1-087,0.12600000016391277,False
TR-07_1-088,0.13200000021606684,False
TR-07_1-089,0.11200000066310167,False
TR-07_1-090,0.05900000035762787,False
TR-07_1-091,0.11299999989569187,False
TR-07_1-093,0.17900000046938658,False
TR-07_1-094,0.11400000005960464,False
TR-07_1-095,0.875,False
TR-07_1-096,0.15899999998509884,False
TR-07_1-097,0.2050000000745058,False
TR-07_1-098,0.2680000001564622,False
TR-07_1-099,0.4029999999329448,False
TR-07_1-100,0.11400000005960464,False
TR-07_1-101,0.10800000000745058,False
TR-07_1-102,0.16700000036507845,False
TR-07_1-103,0.1380000002682209,False
TR-07_1-104,0.10800000000745058,False
TR-07_1-105,0.08800000045448542,False
TR-07_1-106,0.11400000005960464,False
TR-07_1-107,0.09100000001490116,False
TR-07_1-108,0.11899999994784594,False
TR-07_1-109,0.10800000000745058,False
TR-07_1-111,0.1609999993816018,False
TR-07_1-112,0.17900000046938658,False
TR-07_1-114,0.0660000005736947,False
TR-07_1-115,0.11600000038743019,False
TR-07_1-116,0.12600000016391277,False
TR-07_1-118,0.21299999952316284,False
TR-07_2-002,0.17199999932199717,False
TR-07_2-003,0.10599999967962503,False
TR-07_2-006,0.041999999433755875,False
TR-07_2-007,0.10300000011920929,False
TR-07_2-008,0.17499999981373549,False
TR-07_2-009,0.04300000052899122,False
TR-07_2-010,0.019999999552965164,False
TR-07_2-011,0.058999999426305294,False
TR-07_2-012,0.11699999962002039,False
TR-07_2-013,0.098000000230968,False
TR-07_2-015,0.0669999998062849,False
TR-07_2-016,0.1430000001564622,False
TR-07_2-017,0.1600000001490116,False
TR-07_2-018,0.10900000017136335,False
TR-07_2-019,0.1119999997317791,False
TR-07_2-020,0.11500000022351742,False
TR-07_2-021,0.16200000047683716,False
TR-07_2-024,0.28299999982118607,False
TR-07_2-025,0.14499999955296516,False
TR-07_2-026,0.15000000037252903,False
TR-07_2-027,0.04299999959766865,False
TR-07_2-028,0.027999999932944775,False
TR-07_2-029,0.2660000007599592,False
TR-07_2-030,0.10199999995529652,False
TR-07_2-031,0.0840000007301569,False
TR-07_2-033,0.12100000027567148,False
TR-07_2-034,0.178999999538064,False
TR-07_2-035,0.049999999813735485,False
TR-07_2-036,0.07299999985843897,False
TR-07_2-037,0.14999999944120646,False
TR-07_2-038,0.13500000070780516,False
TR-07_2-039,0.12199999950826168,False
TR-07_2-042,0.0849999999627471,False
TR-07_2-043,0.16100000031292439,False
TR-07_2-044,0.09500000067055225,False
TR-07_2-045,0.07299999985843897,False
TR-07_2-046,0.1110000004991889,False
TR-07_2-047,0.3169999998062849,False
TR-07_2-048,0.06599999964237213,False
TR-07_2-049,0.10600000061094761,False
TR-07_2-051,0.14900000020861626,False
TR-07_2-052,0.21199999935925007,False
TR-07_2-053,0.08299999963492155,False
TR-07_2-054,0.20899999979883432,False
TR-07_2-055,0.019999999552965164,False
TR-07_2-056,0.08299999963492155,False
TR-07_2-057,0.12600000016391277,False
TR-07_2-060,0.18400000035762787,False
TR-07_2-061,0.12100000027567148,False
TR-07_2-062,0.13499999977648258,False
TR-07_2-063,1.0499999998137355,False
TR-07_2-064,0.09599999990314245,False
TR-07_2-065,36.649000000208616,True
TR-07_2-066,0.10600000061094761,False
TR-07_2-067,0.13199999928474426,False
TR-07_2-069,0.11000000033527613,False
TR-07_2-070,0.12799999956041574,False
TR-07_2-071,0.0849999999627471,False
TR-07_2-072,0.17499999981373549,False
TR-07_2-073,0.08999999985098839,False
TR-07_2-074,0.02199999988079071,False
TR-07_2-075,0.2280000001192093,False
TR-07_2-078,0.3519999999552965,False
TR-07_2-079,0.15400000009685755,False
TR-07_2-080,0.2280000001192093,False
TR-07_2-082,0.3620000006631017,False
TR-07_2-083,0.19799999985843897,False
TR-07_2-084,0.12299999967217445,False
TR-07_2-085,0.1290000006556511,False
TR-07_2-087,0.008999999612569809,False
TR-07_2-088,0.21700000017881393,False
TR-07_2-089,0.02199999988079071,False
TR-07_2-090,0.1560000004246831,False
TR-07_2-091,0.2779999999329448,False
TR-07_2-092,0.19700000062584877,False
TR-07_2-093,0.1339999996125698,False
TR-07_2-094,0.2809999994933605,False
TR-07_2-097,0.06199999991804361,False
TR-07_2-098,0.15599999949336052,False
TR-07_2-099,0.3119999999180436,False
TR-07_2-100,0.11799999978393316,False
TR-07_2-101,0.25,False
TR-07_2-102,0.2099999999627471,False
TR-07_2-103,0.11500000022351742,False
TR-07_2-104,0.10300000011920929,False
TR-07_2-106,0.061000000685453415,False
TR-07_2-107,0.041000000201165676,False
TR-07_2-108,0.06300000008195639,False
TR-07_2-109,0.07899999991059303,False
TR-07_2-110,0.14599999971687794,False
TR-07_2-111,0.0800000000745058,False
TR-07_2-112,0.023000000044703484,False
TR-07_2-113,0.42200000025331974,False
TR-07_2-116,0.15299999993294477,False
TR-07_2-117,0.18400000035762787,False
TR-07_2-118,0.11599999945610762,False
TR-07_2-119,0.22000000067055225,False
TR-08_1-002,0.23500000033527613,False
TR-08_1-003,0.1919999998062849,False
TR-08_1-004,0.05900000035762787,False
TR-08_1-005,0.151999999769032,False
TR-08_1-006,0.19000000040978193,False
TR-08_1-007,0.1290000006556511,False
TR-08_1-008,0.17700000014156103,False
TR-08_1-011,0.12600000016391277,False
TR-08_1-012,0.2809999994933605,False
TR-08_1-013,0.10800000000745058,False
TR-08_1-014,0.18500000052154064,False
TR-08_1-015,0.13700000010430813,False
TR-08_1-016,0.33299999963492155,False
TR-08_1-017,0.12200000043958426,False
TR-08_1-018,0.12100000027567148,False
TR-08_1-019,0.03899999987334013,False
TR-08_1-020,0.0400000000372529,False
TR-08_1-023,0.08800000045448542,False
TR-08_1-024,0.14800000004470348,False
TR-08_1-025,0.11500000022351742,False
TR-08_1-026,0.18599999975413084,False
TR-08_1-027,0.1430000001564622,False
TR-08_1-029,0.1830000001937151,False
TR-08_1-030,0.12199999950826168,False
TR-08_1-031,0.09900000039488077,False
TR-08_1-033,0.1339999996125698,False
TR-08_1-034,0.1919999998062849,False
TR-08_1-035,0.21999999973922968,False
TR-08_1-036,0.1119999997317791,False
TR-08_1-037,21.807999999262393,True
TR-08_1-038,7.833000000566244,True
TR-08_1-043,0.11699999962002039,False
TR-08_1-044,0.08399999979883432,False
TR-08_1-046,0.30099999997764826,False
TR-08_1-047,0.21999999973922968,False
TR-08_1-048,0.06199999991804361,False
TR-08_1-049,0.1119999997317791,False
TR-08_1-052,44.553999999538064,True
TR-08_1-055,0.11000000033527613,False
TR-08_1-056,0.16399999987334013,False
TR-08_1-057,0.18999999947845936,False
TR-08_1-058,0.13599999994039536,False
TR-08_1-059,0.2680000001564622,False
TR-08_1-060,7.125,True
TR-08_1-061,0.010999999940395355,False
TR-08_1-062,0.10199999995529652,False
TR-08_1-063,0.05200000014156103,False
TR-08_1-066,0.24399999994784594,False
TR-08_1-067,0.04399999976158142,False
TR-08_1-068,0.11899999994784594,False
TR-08_1-069,0.11300000082701445,False
TR-08_1-070,12.632999999448657,True
TR-08_1-071,0.026000000536441803,False
TR-08_1-072,0.1569999996572733,False
TR-08_1-073,0.12299999967217445,False
TR-08_1-074,0.032999999821186066,False
TR-08_1-075,0.027999999932944775,False
TR-08_1-077,0.16100000031292439,False
TR-08_1-078,0.031000000424683094,False
TR-08_1-079,0.13599999994039536,False
TR-08_1-080,0.21199999935925007,False
TR-08_1-081,0.12700000032782555,False
TR-08_1-082,0.11000000033527613,False
TR-08_1-083,0.024999999441206455,False
TR-08_1-084,0.09599999990314245,False
TR-08_1-085,0.21300000045448542,False
TR-08_1-086,0.04700000025331974,False
TR-08_1-087,0.1430000001564622,False
TR-08_1-088,0.12899999972432852,False
TR-08_1-090,0.06799999997019768,False
TR-08_1-091,0.12199999950826168,False
TR-08_1-092,0.18500000052154064,False
TR-08_1-095,0.11700000055134296,False
TR-08_1-096,0.1969999996945262,False
TR-08_1-097,0.03500000014901161,False
TR-08_1-098,0.03899999987334013,False
TR-08_1-100,0.21399999968707561,False
TR-08_1-101,0.08199999947100878,False
TR-08_1-102,0.09200000017881393,False
TR-08_1-103,0.13200000021606684,False
TR-08_1-104,0.16399999987334013,False
TR-08_1-105,0.11899999994784594,False
TR-08_1-107,0.2800000002607703,False
TR-08_1-108,0.27000000048428774,False
TR-08_1-109,0.14100000075995922,False
TR-08_1-110,0.12199999950826168,False
TR-08_1-111,0.07500000018626451,False
TR-08_1-112,0.027000000700354576,False
TR-08_1-113,0.019999999552965164,False
TR-08_1-114,0.16300000064074993,False
TR-08_1-116,0.17200000025331974,False
TR-08_1-117,0.17599999997764826,False
TR-08_1-118,0.1330000003799796,False
TR-08_2-002,0.0059999991208314896,False
TR-08_2-003,1.2089999997988343,False
TR-08_2-004,0.11500000022351742,False
TR-08_2-005,36.726000000722706,True
TR-08_2-006,0.11699999962002039,False
TR-08_2-007,3.7879999997094274,True
TR-08_2-008,0.10499999951571226,False
TR-08_2-009,0.14199999999254942,False
TR-08_2-010,3.8139999993145466,True
TR-08_2-011,0.06700000073760748,False
TR-08_2-012,0.13400000054389238,False
TR-08_2-014,0.004999999888241291,False
TR-08_2-016,0.012000000104308128,False
TR-08_2-017,0.03000000026077032,False
TR-08_2-018,0.13599999994039536,False
TR-08_2-019,0.18100000079721212,False
TR-08_2-020,0.25600000005215406,False
TR-08_2-022,0.07299999985843897,False
TR-08_2-023,0.09200000017881393,False
TR-08_2-024,0.14800000004470348,False
TR-08_2-025,0.18000000063329935,False
TR-08_2-026,0.18200000002980232,False
TR-08_2-027,0.13500000070780516,False
TR-08_2-028,0.009000000543892384,False
TR-08_2-029,0.008999999612569809,False
TR-08_2-031,0.10099999979138374,False
TR-08_2-032,0.15700000058859587,False
TR-08_2-033,0.22500000055879354,False
TR-08_2-034,0.17700000014156103,False
TR-08_2-035,0.15500000026077032,False
TR-08_2-036,0.1339999996125698,False
TR-08_2-037,36.65499999932945,True
TR-08_2-038,0.09300000034272671,False
TR-08_2-039,0.125,False
TR-08_2-040,0.16300000064074993,False
TR-08_2-041,0.1380000002682209,False
TR-08_2-042,0.049999999813735485,False
TR-08_2-043,0.11799999978393316,False
TR-08_2-044,0.06400000024586916,False
TR-08_2-045,0.1919999998062849,False
TR-08_2-046,0.33799999952316284,False
TR-08_2-047,0.15700000058859587,False
TR-08_2-048,0.13100000005215406,False
TR-08_2-049,0.03700000047683716,False
TR-08_2-050,0.1969999996945262,False
TR-08_2-051,0.12799999956041574,False
TR-08_2-052,0.2010000003501773,False
TR-08_2-053,0.17200000025331974,False
TR-08_2-054,0.0030000004917383194,False
TR-08_2-055,0.21600000001490116,False
TR-08_2-057,0.17700000014156103,False
TR-08_2-058,0.10400000028312206,False
TR-08_2-059,0.1569999996572733,False
TR-08_2-060,0.098000000230968,False
TR-08_2-062,0.18500000052154064,False
TR-08_2-063,0.1460000006482005,False
TR-08_2-064,0.12600000016391277,False
TR-08_2-065,0.11899999994784594,False
TR-08_2-066,0.09599999990314245,False
TR-08_2-067,0.16699999943375587,False
TR-08_2-068,0.10900000017136335,False
TR-08_2-069,0.08799999952316284,False
TR-08_2-070,0.13700000010430813,False
TR-08_2-072,0.1699999999254942,False
TR-08_2-073,0.24699999950826168,False
TR-08_2-074,0.11600000038743019,False
TR-08_2-075,0.08100000023841858,False
TR-08_2-076,0.05999999959021807,False
TR-08_2-077,0.13200000021606684,False
TR-08_2-078,0.10600000061094761,False
TR-08_2-079,0.09200000017881393,False
TR-08_2-080,0.3219999996945262,False
TR-08_2-081,0.32299999985843897,False
TR-08_2-082,0.1510000005364418,False
TR-08_2-084,0.1389999995008111,False
TR-08_2-085,0.05900000035762787,False
TR-08_2-086,0.12899999972432852,False
TR-08_2-087,0.10099999979138374,False
TR-08_2-088,0.10699999984353781,False
TR-08_2-090,0.0719999996945262,False
TR-08_2-091,0.0859999991953373,False
TR-08_2-092,0.13200000021606684,False
TR-08_2-093,0.07200000062584877,False
TR-08_2-094,0.1339999996125698,False
TR-08_2-095,0.19400000013411045,False
TR-08_2-096,0.19500000029802322,False
TR-08_2-097,0.17999999970197678,False
TR-08_2-099,0.1290000006556511,False
TR-08_2-100,0.18900000024586916,False
TR-08_2-101,0.2099999999627471,False
TR-08_2-102,0.27500000037252903,False
TR-08_2-103,0.13900000043213367,False
TR-08_2-104,0.178999999538064,False
TR-08_2-105,0.2009999994188547,False
TR-08_2-106,0.03399999998509884,False
TR-08_2-107,0.125,False
TR-08_2-108,0.029000000096857548,False
TR-08_2-109,0.14999999944120646,False
TR-08_2-110,13.543999999761581,True
TR-08_2-111,0.1469999998807907,False
TR-08_2-112,0.09599999990314245,False
TR-08_2-113,0.1389999995008111,False
TR-08_2-114,0.009999999776482582,False
TR-08_2-115,0.03399999998509884,False
TR-08_2-116,23.06400000024587,True
TR-08_2-117,0.05099999997764826,False
TR-08_2-118,0.1880000000819564,False
TR-08_2-119,0.2819999996572733,False
TR-08_2-120,0.26500000059604645,False
TR-08_2-121,0.23599999956786633,False
TR-09_1-002,0.09499999973922968,False
TR-09_1-003,0.17100000008940697,False
TR-09_1-004,0.1730000004172325,False
TR-09_1-005,0.13100000005215406,False
TR-09_1-006,0.10499999951571226,False
TR-09_1-007,0.15899999998509884,False
TR-09_1-008,0.18500000052154064,False
TR-09_1-009,0.10800000000745058,False
TR-09_1-010,0.35900000017136335,False
TR-09_1-011,0.02000000048428774,False
TR-09_1-012,1.1570000005885959,False
TR-09_1-013,0.0040000006556510925,False
TR-09_1-014,0.07000000029802322,False
TR-09_1-015,0.07500000018626451,False
TR-09_1-016,0.1880000000819564,False
TR-09_1-017,0.10699999984353781,False
TR-09_1-018,0.09999999962747097,False
TR-09_1-019,0.1460000006482005,False
TR-09_1-020,0.14599999971687794,False
TR-09_1-021,0.15500000026077032,False
TR-09_1-022,0.13200000021606684,False
TR-09_1-023,0.11600000038743019,False
TR-09_1-024,0.12000000011175871,False
TR-09_1-025,0.14499999955296516,False
TR-09_1-027,0.12000000011175871,False
TR-09_1-028,0.06799999997019768,False
TR-09_1-029,0.04299999959766865,False
TR-09_1-030,36.74100000038743,True
TR-09_1-031,0.14599999971687794,False
TR-09_1-032,0.09599999990314245,False
TR-09_1-033,0.023000000044703484,False
TR-09_1-034,0.009000000543892384,False
TR-09_1-035,0.021000000648200512,False
TR-09_1-036,0.1430000001564622,False
TR-09_1-037,0.14199999999254942,False
TR-09_1-038,0.13500000070780516,False
TR-09_1-039,0.14900000020861626,False
TR-09_1-040,0.0040000006556510925,False
TR-09_1-041,0.1380000002682209,False
TR-09_1-042,0.24800000060349703,False
TR-09_1-043,0.15000000037252903,False
TR-09_1-044,0.03000000026077032,False
TR-09_1-045,0.09300000034272671,False
TR-09_1-046,0.13699999917298555,False
TR-09_1-047,0.12799999956041574,False
TR-09_1-048,0.1299999998882413,False
TR-09_1-049,0.1600000001490116,False
TR-09_1-050,0.12799999956041574,False
TR-09_1-051,0.11600000038743019,False
TR-09_1-052,0.10800000000745058,False
TR-09_1-053,0.14599999971687794,False
TR-09_1-054,0.12899999972432852,False
TR-09_1-056,0.2239999994635582,False
TR-09_1-057,0.09200000017881393,False
TR-09_1-058,0.1380000002682209,False
TR-09_1-059,0.14499999955296516,False
TR-09_1-060,0.09200000017881393,False
TR-09_1-061,0.1650000000372529,False
TR-09_1-062,0.12200000043958426,False
TR-09_1-063,0.15899999998509884,False
TR-09_1-064,0.12100000027567148,False
TR-09_1-065,0.1380000002682209,False
TR-09_1-066,0.10800000000745058,False
TR-09_1-067,0.1659999992698431,False
TR-09_1-068,0.12699999939650297,False
TR-09_1-069,0.19700000062584877,False
TR-09_1-070,0.14900000020861626,False
TR-09_1-071,0.0019999993965029716,False
TR-09_1-072,0.024000000208616257,False
TR-09_1-073,0.014000000432133675,False
TR-09_1-074,0.1430000001564622,False
TR-09_1-075,0.007000000216066837,False
TR-09_1-076,0.1309999991208315,False
TR-09_1-077,0.151999999769032,False
TR-09_1-078,0.11400000005960464,False
TR-09_1-079,0.17200000025331974,False
TR-09_1-080,0.17499999981373549,False
TR-09_1-081,0.10599999967962503,False
TR-09_1-082,0.031000000424683094,False
TR-09_1-083,0.18200000002980232,False
TR-09_1-084,0.06599999964237213,False
TR-09_1-085,0.11699999962002039,False
TR-09_1-086,0.17599999997764826,False
TR-09_1-087,0.12199999950826168,False
TR-09_1-088,0.1739999996498227,False
TR-09_1-089,0.16699999943375587,False
TR-09_1-090,0.0849999999627471,False
TR-09_1-091,0.1510000005364418,False
TR-09_1-092,0.1919999998062849,False
TR-09_1-093,0.13999999966472387,False
TR-09_1-094,0.1330000003799796,False
TR-09_1-095,0.16199999954551458,False
TR-09_1-096,0.1469999998807907,False
TR-09_1-097,0.14400000032037497,False
TR-09_1-098,0.13200000021606684,False
TR-09_1-099,0.15500000026077032,False
TR-09_1-100,0.13000000081956387,False
TR-09_1-101,0.09699999913573265,False
TR-09_1-102,0.13599999994039536,False
TR-09_1-103,0.11500000022351742,False
TR-09_1-104,0.11000000033527613,False
TR-09_1-105,0.10800000000745058,False
TR-09_1-106,0.12899999972432852,False
TR-09_1-107,0.08300000056624413,False
TR-09_1-108,0.11799999978393316,False
TR-09_1-109,0.09900000039488077,False
TR-09_1-110,0.04799999948590994,False
TR-09_1-111,0.09599999990314245,False
TR-09_1-112,0.09200000017881393,False
TR-09_1-113,0.11899999994784594,False
TR-09_1-114,0.13199999928474426,False
TR-09_1-115,0.1330000003799796,False
TR-09_1-116,0.14899999927729368,False
TR-09_1-117,0.10599999967962503,False
TR-09_1-118,0.13599999994039536,False
TR-09_1-119,0.13400000054389238,False
TR-09_1-120,0.1389999995008111,False
TR-09_1-121,0.12600000016391277,False
TR-09_1-122,0.19900000002235174,False
TR-09_2-001,0.15599999949336052,False
TR-09_2-002,0.125,False
TR-09_2-003,0.04600000008940697,False
TR-09_2-004,0.10300000011920929,False
TR-09_2-005,0.009000000543892384,False
TR-09_2-006,0.01600000075995922,False
TR-09_2-007,0.020999999716877937,False
TR-09_2-008,0.05900000035762787,False
TR-09_2-009,0.1110000004991889,False
TR-09_2-013,0.1430000001564622,False
TR-09_2-014,0.09100000001490116,False
TR-09_2-015,0.07899999991059303,False
TR-09_2-016,0.14400000032037497,False
TR-09_2-017,0.17700000014156103,False
TR-09_2-018,0.13299999944865704,False
TR-09_2-019,0.14800000004470348,False
TR-09_2-020,0.0400000000372529,False
TR-09_2-021,0.03899999987334013,False
TR-09_2-022,0.003999999724328518,False
TR-09_2-023,0.010999999940395355,False
TR-09_2-024,0.06099999975413084,False
TR-09_2-025,0.11500000022351742,False
TR-09_2-026,0.07699999958276749,False
TR-09_2-027,0.24299999978393316,False
TR-09_2-028,0.014999999664723873,False
TR-09_2-029,0.03199999965727329,False
TR-09_2-030,0.015999999828636646,False
TR-09_2-032,0.04800000041723251,False
TR-09_2-033,0.01899999938905239,False
TR-09_2-034,0.032999999821186066,False
TR-09_2-035,6.337000000290573,True
TR-09_2-038,3.0109999999403954,True
TR-09_2-039,0.04299999959766865,False
TR-09_2-040,0.04600000008940697,False
TR-09_2-041,0.027999999932944775,False
TR-09_2-042,0.007999999448657036,False
TR-09_2-043,0.0,False
TR-09_2-044,0.05200000014156103,False
TR-09_2-045,0.0719999996945262,False
TR-09_2-046,0.014999999664723873,False
TR-09_2-047,0.03200000058859587,False
TR-09_2-048,0.012000000104308128,False
TR-09_2-049,0.044999999925494194,False
TR-09_2-050,0.03399999998509884,False
TR-09_2-051,36.80099999997765,True
TR-09_2-052,0.02299999911338091,False
TR-09_2-053,0.010999999940395355,False
TR-09_2-054,0.0010000001639127731,False
TR-09_2-055,0.04200000036507845,False
TR-09_2-056,0.012000000104308128,False
TR-09_2-057,0.05400000046938658,False
TR-09_2-058,0.031000000424683094,False
TR-09_2-059,0.07500000018626451,False
TR-09_2-060,0.026999999769032,False
TR-09_2-061,0.020999999716877937,False
TR-09_2-062,0.0660000005736947,False
TR-09_2-063,0.026000000536441803,False
TR-09_2-064,0.012000000104308128,False
TR-09_2-065,0.05299999937415123,False
TR-09_2-066,0.0009999992325901985,False
TR-09_2-067,0.0010000001639127731,False
TR-09_2-068,0.029000000096857548,False
TR-09_2-069,0.031000000424683094,False
TR-09_2-071,0.17700000014156103,False
TR-09_2-072,0.18900000024586916,False
TR-09_2-073,0.08799999952316284,False
TR-09_2-074,0.018000000156462193,False
TR-09_2-075,0.015000000596046448,False
TR-09_2-076,0.14000000059604645,False
TR-09_2-077,0.02199999988079071,False
TR-09_2-078,0.10100000072270632,False
TR-09_2-079,0.05700000002980232,False
TR-09_2-080,0.019000000320374966,False
TR-09_2-081,0.0,False
TR-09_2-082,0.13700000010430813,False
TR-09_2-083,0.14700000081211329,False
TR-09_2-084,0.15099999960511923,False
TR-09_2-085,0.0030000004917383194,False
TR-09_2-086,0.0030000004917383194,False
TR-09_2-087,0.021000000648200512,False
TR-09_2-088,0.018000000156462193,False
TR-09_2-089,0.08399999979883432,False
TR-09_2-090,0.07099999953061342,False
TR-09_2-091,0.1339999996125698,False
TR-09_2-092,0.11299999989569187,False
TR-09_2-093,0.14800000004470348,False
TR-09_2-094,0.10300000011920929,False
TR-09_2-095,0.16200000047683716,False
TR-09_2-096,0.22500000055879354,False
TR-09_2-097,0.10199999995529652,False
TR-09_2-098,0.05099999997764826,False
TR-09_2-099,0.16799999959766865,False
TR-09_2-100,0.00800000037997961,False
TR-09_2-101,0.08300000056624413,False
TR-09_2-102,0.10700000077486038,False
TR-09_2-103,0.15299999993294477,False
TR-09_2-104,0.1740000005811453,False
TR-09_2-105,0.03800000064074993,False
TR-09_2-106,0.06900000013411045,False
TR-09_2-107,0.1510000005364418,False
TR-09_2-108,0.13999999966472387,False
TR-09_2-109,0.11400000005960464,False
TR-09_2-110,0.125,False
TR-09_2-111,0.11500000022351742,False
TR-09_2-112,0.10800000000745058,False
TR-09_2-113,0.1830000001937151,False
TR-09_2-114,0.12299999967217445,False
TR-09_2-115,0.20799999963492155,False
TR-09_2-116,0.1739999996498227,False
TR-09_2-117,0.17599999997764826,False
TR-09_2-118,0.0020000003278255463,False
TR-09_2-119,0.23300000000745058,False
TR-09_2-120,0.17900000046938658,False
TR-09_2-121,0.07699999958276749,False
TR-09_2-122,0.09499999973922968,False
TR-10_1-002,0.0010000001639127731,False
TR-10_1-003,0.054999999701976776,False
TR-10_1-004,0.013000000268220901,False
TR-10_1-005,36.7480000006035,True
TR-10_1-006,0.11000000033527613,False
TR-10_1-007,0.02500000037252903,False
TR-10_1-008,0.24099999945610762,False
TR-10_1-009,0.019000000320374966,False
TR-10_1-011,0.01699999999254942,False
TR-10_1-012,2.393000000156462,False
TR-10_1-013,0.19299999997019768,False
TR-10_1-014,36.72999999951571,True
TR-10_1-015,0.0010000001639127731,False
TR-10_1-016,0.07600000035017729,False
TR-10_1-017,0.04299999959766865,False
TR-10_1-018,0.024999999441206455,False
TR-10_1-020,0.07499999925494194,False
TR-10_1-021,0.2010000003501773,False
TR-10_1-022,0.010999999940395355,False
TR-10_1-023,0.049999999813735485,False
TR-10_1-024,0.03700000047683716,False
TR-10_1-025,0.058000000193715096,False
TR-10_1-026,0.010999999940395355,False
TR-10_1-027,0.08299999963492155,False
TR-10_1-028,0.0029999995604157448,False
TR-10_1-029,0.03099999949336052,False
TR-10_1-030,0.012999999336898327,False
TR-10_1-031,0.014999999664723873,False
TR-10_1-032,0.012000000104308128,False
TR-10_1-034,0.0020000003278255463,False
TR-10_1-035,0.010999999940395355,False
TR-10_1-036,0.053999999538064,False
TR-10_1-037,0.009999999776482582,False
TR-10_1-038,0.007999999448657036,False
TR-10_1-039,0.012000000104308128,False
TR-10_1-040,0.10499999951571226,False
TR-10_1-041,0.0,False
TR-10_1-042,36.713000000454485,True
TR-10_1-043,0.018000000156462193,False
TR-10_1-044,0.03399999998509884,False
TR-10_1-045,0.015999999828636646,False
TR-10_1-046,0.015999999828636646,False
TR-10_1-047,0.03000000026077032,False
TR-10_1-048,0.06400000024586916,False
TR-10_1-049,0.007000000216066837,False
TR-10_1-050,0.09300000034272671,False
TR-10_1-051,0.027999999932944775,False
TR-10_1-052,0.010000000707805157,False
TR-10_1-053,0.027999999932944775,False
TR-10_1-054,0.012000000104308128,False
TR-10_1-055,0.12799999956041574,False
TR-10_1-056,0.16699999943375587,False
TR-10_1-057,0.10100000072270632,False
TR-10_1-058,0.0020000003278255463,False
TR-10_1-059,0.009000000543892384,False
TR-10_1-060,0.023000000044703484,False
TR-10_1-061,0.10499999951571226,False
TR-10_1-062,0.04200000036507845,False
TR-10_1-063,0.004999999888241291,False
TR-10_1-065,0.027999999932944775,False
TR-10_1-066,0.007000000216066837,False
TR-10_1-067,0.03000000026077032,False
TR-10_1-068,0.03799999970942736,False
TR-10_1-069,0.012000000104308128,False
TR-10_1-070,0.10300000011920929,False
TR-10_1-071,0.004999999888241291,False
TR-10_1-072,0.1339999996125698,False
TR-10_1-073,0.13200000021606684,False
TR-10_1-074,0.11899999994784594,False
TR-10_1-075,0.02199999988079071,False
TR-10_1-076,0.03500000014901161,False
TR-10_1-077,0.009999999776482582,False
TR-10_1-078,0.010999999940395355,False
TR-10_1-079,0.014000000432133675,False
TR-10_1-080,0.003999999724328518,False
TR-10_1-081,0.015999999828636646,False
TR-10_1-082,0.03799999970942736,False
TR-10_1-083,0.058000000193715096,False
TR-10_1-084,0.14199999999254942,False
TR-10_1-085,0.12399999983608723,False
TR-10_1-086,0.04899999964982271,False
TR-10_1-087,0.013000000268220901,False
TR-10_1-088,0.006999999284744263,False
TR-10_1-089,0.07099999953061342,False
TR-10_1-090,0.024999999441206455,False
TR-10_1-091,0.08600000012665987,False
TR-10_1-092,0.08700000029057264,False
TR-10_1-093,0.08399999979883432,False
TR-10_1-094,0.07299999985843897,False
TR-10_1-095,0.03700000047683716,False
TR-10_1-096,0.1240000007674098,False
TR-10_1-097,0.05599999986588955,False
TR-10_1-098,0.06199999991804361,False
TR-10_1-099,0.07400000002235174,False
TR-10_1-100,0.006000000052154064,False
TR-10_1-101,0.0020000003278255463,False
TR-10_1-102,0.07000000029802322,False
TR-10_1-103,0.10699999984353781,False
TR-10_1-104,0.14000000059604645,False
TR-10_1-105,0.0029999995604157448,False
TR-10_1-106,0.010999999940395355,False
TR-10_1-107,0.007999999448657036,False
TR-10_1-108,0.053000000305473804,False
TR-10_1-109,0.0040000006556510925,False
TR-10_1-110,0.01699999999254942,False
TR-10_1-111,0.005000000819563866,False
TR-10_1-112,0.024999999441206455,False
TR-10_1-113,0.06300000008195639,False
TR-10_1-114,0.10500000044703484,False
TR-10_1-115,0.032999999821186066,False
TR-10_1-116,0.08100000023841858,False
TR-10_1-117,0.3470000000670552,False
TR-10_1-118,0.05900000035762787,False
TR-10_1-119,0.1290000006556511,False
TR-10_1-120,0.08200000040233135,False
TR-10_1-121,0.12300000060349703,False
TR-10_1-122,0.169000000692904,False
TR-10_1-123,0.12100000027567148,False
TR-10_2-002,18.398000000044703,True
TR-10_2-003,0.05999999959021807,False
TR-10_2-004,0.009999999776482582,False
TR-10_2-005,0.012000000104308128,False
TR-10_2-006,3.6480000000447035,True
TR-10_2-007,0.041000000201165676,False
TR-10_2-008,21.489000000059605,True
TR-10_2-009,0.041999999433755875,False
TR-10_2-010,0.10699999984353781,False
TR-10_2-011,0.02199999988079071,False
TR-10_2-012,0.0029999995604157448,False
TR-10_2-013,3.4350000005215406,True
TR-10_2-014,0.012000000104308128,False
TR-10_2-015,13.923999999649823,True
TR-10_2-016,0.012000000104308128,False
TR-10_2-017,0.013000000268220901,False
TR-10_2-018,0.00800000037997961,False
TR-10_2-020,0.0,False
TR-10_2-021,0.010999999940395355,False
TR-10_2-022,0.021000000648200512,False
TR-10_2-023,29.9449999993667,True
TR-10_2-024,0.14400000032037497,False
TR-10_2-025,0.125,False
TR-10_2-026,0.04899999964982271,False
TR-10_2-028,0.09599999990314245,False
TR-10_2-029,0.01699999999254942,False
TR-10_2-030,0.1290000006556511,False
TR-10_2-031,0.20300000067800283,False
TR-10_2-032,3.5690000001341105,True
TR-10_2-033,0.36700000055134296,False
TR-10_2-034,21.248999999836087,True
TR-10_2-035,0.04399999976158142,False
TR-10_2-036,0.02199999988079071,False
TR-10_2-037,0.027999999932944775,False
TR-10_2-038,0.04899999964982271,False
TR-10_2-040,0.07000000029802322,False
TR-10_2-041,13.99100000038743,True
TR-10_2-042,0.014999999664723873,False
TR-10_2-043,0.06500000040978193,False
TR-10_2-044,0.018000000156462193,False
TR-10_2-045,4.901999999769032,True
TR-10_2-046,0.0139999995008111,False
TR-10_2-047,0.003999999724328518,False
TR-10_2-048,0.11299999989569187,False
TR-10_2-050,0.1699999999254942,False
TR-10_2-051,0.008999999612569809,False
TR-10_2-052,0.014999999664723873,False
TR-10_2-053,0.053999999538064,False
TR-10_2-055,0.07299999985843897,False
TR-10_2-056,21.393000000156462,True
TR-10_2-057,0.16700000036507845,False
TR-10_2-058,0.014999999664723873,False
TR-10_2-059,0.03500000014901161,False
TR-10_2-060,0.019999999552965164,False
TR-10_2-061,4.3230000007897615,True
TR-10_2-062,0.02599999960511923,False
TR-10_2-065,0.12000000011175871,False
TR-10_2-066,0.00800000037997961,False
TR-10_2-067,0.006000000052154064,False
TR-10_2-068,4.38399999961257,True
TR-10_2-069,0.06300000008195639,False
TR-10_2-071,0.03000000026077032,False
TR-10_2-072,0.06700000073760748,False
TR-10_2-073,0.010999999940395355,False
TR-10_2-074,0.071000000461936,False
TR-10_2-075,0.006000000052154064,False
TR-10_2-076,36.75,True
TR-10_2-078,0.0849999999627471,False
TR-10_2-079,0.036000000312924385,False
TR-10_2-080,0.0020000003278255463,False
TR-10_2-081,0.018000000156462193,False
TR-10_2-082,36.80200000014156,True
TR-10_2-083,0.03800000064074993,False
TR-10_2-084,0.004999999888241291,False
TR-10_2-085,0.01899999938905239,False
TR-10_2-086,0.35900000017136335,False
TR-10_2-088,0.04299999959766865,False
TR-10_2-089,0.004999999888241291,False
TR-10_2-090,0.02199999988079071,False
TR-10_2-091,0.0939999995753169,False
TR-10_2-092,0.14199999999254942,False
TR-10_2-093,0.07999999914318323,False
TR-10_2-095,0.01699999999254942,False
TR-10_2-096,0.12100000027567148,False
TR-10_2-097,0.003999999724328518,False
TR-10_2-098,0.05900000035762787,False
TR-10_2-099,0.0029999995604157448,False
TR-10_2-100,0.12899999972432852,False
TR-10_2-101,0.09599999990314245,False
TR-10_2-102,0.06800000090152025,False
TR-10_2-103,0.024000000208616257,False
TR-10_2-104,0.05700000002980232,False
TR-10_2-105,0.0020000003278255463,False
TR-10_2-106,0.023999999277293682,False
TR-10_2-107,0.029000000096857548,False
TR-10_2-108,0.02000000048428774,False
TR-10_2-109,0.029000000096857548,False
TR-10_2-110,0.08800000045448542,False
TR-10_2-112,0.16399999987334013,False
TR-10_2-113,0.14199999999254942,False
TR-10_2-114,0.06499999947845936,False
TR-10_2-115,0.14599999971687794,False
TR-10_2-116,0.0010000001639127731,False
TR-10_2-117,0.09700000006705523,False
TR-10_2-118,0.2649999996647239,False
TR-10_2-119,0.029000000096857548,False
TR-10_2-120,0.009999999776482582,False
TR-10_2-121,0.01699999999254942,False
TR-10_2-122,0.02000000048428774,False
TR-10_2-123,0.024999999441206455,False
TR-10_2-124,0.03000000026077032,False
TR-10_2-125,0.10200000088661909,False
TR-10_2-126,0.026999999769032,False
